year,month,ao_index,nao_index,oni,pna_index,pdo_index
1948,1,,,,,-0.11
1948,2,,,,,-0.74
1948,3,,,,,-0.03
1948,4,,,,,-1.33
1948,5,,,,,-0.23
1948,6,,,,,0.08
1948,7,,,,,-0.92
1948,8,,,,,-1.56
1948,9,,,,,-1.74
1948,10,,,,,-1.32
1948,11,,,,,-0.89
1948,12,,,,,-1.7
1949,1,,,,,-2.01
1949,2,,,,,-3.6
1949,3,,,,,-1.0
1949,4,,,,,-0.53
1949,5,,,,,-1.07
1949,6,,,,,-0.7
1949,7,,,,,-0.56
1949,8,,,,,-1.3
1949,9,,,,,-0.93
1949,10,,,,,-1.41
1949,11,,,,,-0.83
1949,12,,,,,-0.8
1950,1,-0.06,0.92,-1.53,-2.34,-2.13
1950,2,0.627,0.4,-1.34,-1.04,-2.91
1950,3,-0.008,-0.36,-1.16,0.24,-1.13
1950,4,0.555,0.73,-1.18,0.01,-1.2
1950,5,0.072,-0.59,-1.07,-0.55,-2.23
1950,6,0.539,-0.06,-0.85,-1.97,-1.77
1950,7,-0.802,-1.26,-0.54,-0.43,-2.93
1950,8,-0.851,-0.05,-0.42,0.82,-0.7
1950,9,0.358,0.25,-0.39,-1.15,-2.14
1950,10,-0.379,0.85,-0.44,0.49,-1.36
1950,11,-0.515,-1.26,-0.6,-1.81,-2.46
1950,12,-1.928,-1.02,-0.8,0.02,-0.76
1951,1,-0.085,0.08,-0.82,-0.41,-1.54
1951,2,-0.4,0.7,-0.54,-1.36,-1.06
1951,3,-1.934,-1.02,-0.17,-0.81,-1.9
1951,4,-0.776,-0.22,0.18,0.73,-0.36
1951,5,-0.863,-0.59,0.36,1.26,-0.25
1951,6,-0.918,-1.64,0.58,-0.61,-1.09
1951,7,0.09,1.37,0.7,-0.02,0.7
1951,8,-0.377,-0.22,0.89,0.05,-1.37
1951,9,-0.818,-1.36,0.99,-0.05,-0.08
1951,10,-0.213,1.87,1.15,0.24,-0.32
1951,11,-0.069,-0.39,1.04,0.23,-0.28
1951,12,1.987,1.32,0.81,-1.29,-1.68
1952,1,0.368,0.93,0.53,-1.98,-2.01
1952,2,-1.747,-0.83,0.37,0.28,-0.46
1952,3,-1.859,-1.49,0.34,-0.4,-0.63
1952,4,0.539,1.01,0.29,1.16,-1.05
1952,5,-0.774,-1.12,0.2,-0.99,-1.0
1952,6,-0.441,-0.4,0.0,0.39,-1.43
1952,7,0.383,-0.09,-0.08,-1.23,-1.25
1952,8,-0.03,-0.28,0.0,0.8,-0.6
1952,9,-0.383,-0.54,0.15,0.53,-0.89
1952,10,-0.437,-0.73,0.1,0.8,-0.35
1952,11,-1.891,-1.13,0.04,0.82,-0.76
1952,12,-1.827,-0.43,0.15,0.93,0.04
1953,1,-1.036,0.33,0.4,0.65,-0.57
1953,2,-0.249,-0.49,0.6,1.0,-0.07
1953,3,1.068,-0.04,0.63,-0.15,-1.12
1953,4,-1.256,-1.67,0.66,1.05,0.05
1953,5,-0.562,-0.66,0.75,1.2,0.43
1953,6,0.023,1.09,0.77,-1.6,0.29
1953,7,0.333,0.4,0.75,0.74,0.74
1953,8,0.085,-0.71,0.73,-1.12,0.05
1953,9,0.662,-0.35,0.78,-0.12,-0.63
1953,10,-0.194,1.32,0.84,1.91,-1.09
1953,11,0.354,1.04,0.84,1.65,-0.03
1953,12,0.575,-0.47,0.81,1.27,0.07
1954,1,-0.148,0.37,0.76,-1.14,-1.32
1954,2,-0.181,0.74,0.47,-0.14,-1.61
1954,3,0.476,-0.83,-0.05,-1.17,-0.52
1954,4,0.512,1.34,-0.41,-2.7,-1.33
1954,5,-1.656,-0.09,-0.54,0.64,0.01
1954,6,-0.268,-0.25,-0.5,-0.02,0.97
1954,7,0.341,-0.6,-0.64,0.3,0.43
1954,8,-0.122,-1.9,-0.84,-0.08,0.08
1954,9,0.301,-0.44,-0.9,0.0,-0.94
1954,10,0.513,0.6,-0.77,0.75,0.52
1954,11,-0.328,0.4,-0.73,1.45,0.72
1954,12,0.553,0.69,-0.66,-0.52,-0.5
1955,1,-1.163,-1.84,-0.68,0.4,0.2
1955,2,-1.542,-1.12,-0.62,-1.74,-1.52
1955,3,-1.568,-0.53,-0.69,-2.23,-1.26
1955,4,0.194,-0.42,-0.8,0.0,-1.97
1955,5,0.242,-0.34,-0.79,-0.57,-1.21
1955,6,-0.266,-1.1,-0.72,0.0,-2.44
1955,7,0.332,1.76,-0.68,-0.96,-2.35
1955,8,0.76,1.07,-0.75,-0.52,-2.25
1955,9,0.357,0.32,-1.09,-0.21,-1.95
1955,10,0.099,-1.47,-1.42,0.31,-2.8
1955,11,-1.342,-1.29,-1.67,-0.96,-3.08
1955,12,-0.444,0.17,-1.47,-2.07,-2.75
1956,1,-1.204,-0.22,-1.11,-1.32,-2.48
1956,2,-2.029,-1.12,-0.76,-1.04,-2.74
1956,3,0.47,-0.05,-0.63,-0.69,-2.56
1956,4,-0.868,-1.06,-0.54,0.07,-2.17
1956,5,1.391,2.21,-0.52,-0.29,-1.41
1956,6,0.28,0.1,-0.51,-0.18,-1.7
1956,7,-0.215,-0.75,-0.57,-0.92,-1.03
1956,8,-0.652,-1.37,-0.55,-0.2,-1.16
1956,9,-0.202,0.24,-0.46,0.55,-0.71
1956,10,1.139,0.88,-0.42,-2.11,-2.3
1956,11,-0.066,0.51,-0.43,1.06,-2.11
1956,12,0.001,0.1,-0.43,-0.31,-1.28
1957,1,2.062,1.05,-0.25,-1.19,-1.82
1957,2,-1.513,0.11,0.06,-1.19,-0.68
1957,3,-2.013,-1.26,0.41,1.1,0.03
1957,4,0.238,0.49,0.72,-0.17,-0.58
1957,5,-0.966,-0.79,0.92,1.31,0.57
1957,6,-0.76,-0.72,1.11,0.12,1.76
1957,7,-0.646,-1.19,1.25,0.33,0.72
1957,8,0.097,-0.55,1.32,-0.96,0.51
1957,9,-0.956,-1.66,1.33,-0.22,1.59
1957,10,0.903,1.32,1.39,0.27,1.5
1957,11,-1.38,0.73,1.53,0.52,-0.32
1957,12,0.828,0.12,1.74,-0.43,-0.55
1958,1,-1.438,-0.54,1.81,0.99,0.25
1958,2,-2.228,-1.06,1.66,0.49,0.62
1958,3,-2.522,-1.96,1.27,0.49,0.25
1958,4,-0.36,0.37,0.93,0.57,1.06
1958,5,-0.336,-0.24,0.74,0.65,1.28
1958,6,-1.149,-1.38,0.64,1.29,1.33
1958,7,-0.684,-1.73,0.57,1.24,0.89
1958,8,-0.755,-1.56,0.43,2.15,1.06
1958,9,-0.012,-0.07,0.39,-0.01,0.29
1958,10,0.77,0.16,0.44,0.16,0.01
1958,11,-0.011,1.64,0.5,0.09,-0.18
1958,12,-1.687,-0.7,0.61,0.65,0.86
1959,1,-2.013,-0.87,0.61,-0.69,0.69
1959,2,2.544,0.68,0.62,-0.7,-0.43
1959,3,1.432,-0.15,0.52,0.52,-0.95
1959,4,0.119,0.36,0.33,-0.68,-0.02
1959,5,-0.341,0.39,0.2,-0.44,0.23
1959,6,-0.033,0.4,-0.07,0.91,0.44
1959,7,0.105,0.74,-0.18,-0.03,-0.5
1959,8,-0.745,0.06,-0.28,1.06,-0.62
1959,9,-0.281,0.88,-0.09,1.48,-0.85
1959,10,-0.249,0.89,-0.03,0.06,0.52
1959,11,-1.411,0.41,0.05,0.28,1.11
1959,12,-0.042,0.44,-0.04,0.66,0.06
1960,1,-2.484,-1.29,-0.1,0.38,0.3
1960,2,-2.212,-1.89,-0.1,0.06,0.52
1960,3,-1.625,-0.5,-0.07,-0.4,-0.21
1960,4,-0.297,1.36,0.03,0.18,0.09
1960,5,-0.857,0.45,0.02,1.03,0.91
1960,6,0.055,-0.21,0.03,1.02,0.64
1960,7,-0.619,0.35,0.13,1.64,-0.27
1960,8,-1.008,-1.4,0.24,1.88,-0.38
1960,9,-0.382,0.39,0.27,0.04,-0.94
1960,10,-1.187,-1.73,0.2,0.29,0.09
1960,11,-0.553,-0.51,0.12,-0.53,-0.23
1960,12,-0.343,0.06,0.05,1.46,0.17
1961,1,-1.506,0.41,0.04,1.41,1.18
1961,2,0.621,0.45,0.03,0.35,0.43
1961,3,0.341,0.55,0.04,0.59,0.09
1961,4,-0.237,-1.55,0.09,-0.92,0.34
1961,5,0.157,-0.36,0.23,-0.38,-0.06
1961,6,0.837,0.86,0.27,1.62,-0.61
1961,7,-0.108,-0.39,0.14,-0.11,-1.22
1961,8,0.013,0.9,-0.13,0.5,-1.13
1961,9,0.815,1.24,-0.3,1.37,-2.01
1961,10,0.203,0.51,-0.26,-1.91,-2.28
1961,11,-0.01,-0.62,-0.19,-0.41,-1.85
1961,12,-1.668,-1.48,-0.16,-1.24,-2.69
1962,1,1.645,0.61,-0.24,-0.07,-1.29
1962,2,-0.358,0.55,-0.22,-0.18,-1.15
1962,3,-2.848,-2.47,-0.2,-0.43,-1.42
1962,4,1.169,0.99,-0.26,-1.3,-0.8
1962,5,0.068,-0.1,-0.28,-1.36,-1.22
1962,6,0.287,0.16,-0.2,-1.01,-1.62
1962,7,-0.927,-2.47,-0.04,0.06,-1.46
1962,8,0.152,0.14,-0.07,0.6,-0.48
1962,9,-0.056,-0.37,-0.11,-0.95,-1.58
1962,10,-0.016,0.41,-0.22,1.06,-1.55
1962,11,-1.112,-0.23,-0.31,0.57,-0.37
1962,12,-0.711,-1.32,-0.43,-0.08,-0.96
1963,1,-3.311,-2.12,-0.4,0.58,-0.33
1963,2,-1.721,-0.96,-0.15,0.81,-0.16
1963,3,0.724,-0.43,0.15,-1.79,-0.54
1963,4,-0.348,-1.35,0.27,-0.56,-0.41
1963,5,0.771,2.16,0.31,-1.17,-0.65
1963,6,-0.585,-0.43,0.52,0.37,-0.88
1963,7,-0.303,-0.77,0.86,-0.73,-1.0
1963,8,-0.625,-0.64,1.14,-0.98,-1.03
1963,9,0.083,1.79,1.22,1.1,0.45
1963,10,1.069,0.94,1.29,0.69,-0.52
1963,11,-0.419,-1.27,1.37,-0.31,-2.08
1963,12,-1.178,-1.92,1.31,1.77,-1.08
1964,1,0.385,-0.95,1.07,0.16,0.01
1964,2,-0.575,-1.43,0.62,1.24,-0.21
1964,3,-0.558,-1.2,0.12,-1.04,-0.87
1964,4,0.663,0.36,-0.33,-1.09,-1.03
1964,5,1.174,0.52,-0.58,-2.68,-1.91
1964,6,0.142,1.29,-0.58,0.15,-0.32
1964,7,0.734,1.9,-0.6,0.66,-0.51
1964,8,-1.207,-1.77,-0.66,0.86,-1.03
1964,9,-0.227,0.2,-0.76,1.15,-0.68
1964,10,0.342,0.74,-0.8,0.58,-0.37
1964,11,-0.344,-0.01,-0.82,-0.81,-0.8
1964,12,-0.246,-0.15,-0.78,-1.73,-1.52
1965,1,-1.046,-0.12,-0.59,-0.21,-1.24
1965,2,-2.084,-1.55,-0.28,-0.55,-1.16
1965,3,-0.905,-1.51,-0.07,-0.52,0.04
1965,4,0.568,0.72,0.18,-0.85,0.62
1965,5,-0.153,-0.62,0.46,-0.57,-0.66
1965,6,0.038,0.29,0.83,1.67,-0.8
1965,7,-0.51,0.32,1.22,-0.9,-0.47
1965,8,-0.255,0.45,1.54,0.35,0.2
1965,9,-0.698,0.37,1.85,0.48,0.59
1965,10,0.394,0.38,1.98,1.14,-0.36
1965,11,-1.341,-1.66,1.97,-0.84,-0.59
1965,12,0.163,1.37,1.72,-1.26,0.06
1966,1,-3.232,-1.74,1.37,0.39,-0.82
1966,2,-1.438,-1.39,1.17,-1.31,-0.03
1966,3,-0.911,0.56,0.98,0.74,-1.29
1966,4,-1.837,-0.75,0.66,-0.31,0.06
1966,5,1.124,0.22,0.35,-0.27,-0.53
1966,6,0.408,1.05,0.24,-0.01,0.16
1966,7,0.011,0.32,0.24,-0.81,0.26
1966,8,-0.945,-1.76,0.12,1.29,-0.35
1966,9,0.011,-0.45,-0.05,0.81,-0.33
1966,10,-1.077,-0.68,-0.1,-0.7,-1.17
1966,11,0.111,-0.04,-0.18,-2.04,-1.15
1966,12,-1.401,0.72,-0.3,0.09,-0.32
1967,1,-0.576,-0.89,-0.41,-0.4,-0.2
1967,2,1.18,0.19,-0.48,0.07,-0.18
1967,3,1.967,1.51,-0.53,-2.0,-1.2
1967,4,1.7,0.18,-0.45,-1.72,-0.89
1967,5,0.127,-0.99,-0.24,-1.01,-1.24
1967,6,0.647,1.4,-0.0,-0.41,-1.16
1967,7,0.259,0.41,0.05,-0.88,-0.89
1967,8,-0.293,1.44,-0.16,-0.32,-1.24
1967,9,0.133,0.93,-0.3,0.18,-0.72
1967,10,1.299,0.07,-0.38,0.85,-0.64
1967,11,0.334,0.6,-0.34,-0.36,-0.05
1967,12,-0.347,-0.45,-0.44,-0.82,-0.4
1968,1,-0.409,0.13,-0.64,-0.88,-0.95
1968,2,-2.154,-1.29,-0.74,1.05,-0.4
1968,3,1.741,0.4,-0.62,0.44,-0.31
1968,4,0.328,-1.08,-0.44,-0.89,-1.03
1968,5,-0.241,-1.76,-0.04,0.17,-0.53
1968,6,0.42,0.33,0.28,-0.18,-0.35
1968,7,-0.836,-0.8,0.58,0.41,0.53
1968,8,-0.671,-0.66,0.53,1.33,0.19
1968,9,-1.009,-1.92,0.45,-0.99,0.06
1968,10,-1.013,-2.3,0.55,0.26,-0.34
1968,11,-2.183,-0.93,0.73,0.88,-0.44
1968,12,-0.783,-1.4,0.98,-1.44,-1.27
1969,1,-2.967,-0.83,1.13,-1.8,-1.26
1969,2,-3.114,-1.55,1.09,-1.25,-0.95
1969,3,-1.582,-1.56,0.95,0.78,-0.5
1969,4,0.438,1.53,0.77,0.74,-0.44
1969,5,-0.72,0.55,0.61,1.06,-0.2
1969,6,-0.348,0.55,0.43,1.88,0.89
1969,7,0.41,0.57,0.36,0.99,0.1
1969,8,-0.782,-1.45,0.51,-0.66,-0.81
1969,9,-0.083,2.07,0.79,1.62,-0.66
1969,10,0.098,0.66,0.86,0.35,1.12
1969,11,0.326,-0.96,0.81,0.15,0.15
1969,12,-1.856,-0.28,0.63,1.84,1.38
1970,1,-2.412,-1.5,0.51,0.6,0.61
1970,2,-1.325,0.64,0.34,0.98,0.43
1970,3,-2.084,-0.96,0.29,0.81,1.33
1970,4,0.302,-1.3,0.19,-0.43,0.43
1970,5,0.531,1.14,0.04,-0.66,-0.49
1970,6,0.875,1.55,-0.3,0.11,0.06
1970,7,0.139,0.1,-0.63,1.24,-0.68
1970,8,-0.263,0.1,-0.76,-0.57,-1.63
1970,9,0.03,-0.09,-0.77,-0.42,-1.67
1970,10,0.098,-0.92,-0.74,-1.01,-1.39
1970,11,0.378,-0.6,-0.86,-1.19,-0.8
1970,12,-0.399,-1.2,-1.15,-0.79,-0.97
1971,1,-0.163,-1.13,-1.36,-1.39,-1.9
1971,2,-0.922,0.24,-1.38,0.1,-1.74
1971,3,-1.091,-0.84,-1.12,0.02,-1.68
1971,4,-0.583,-0.24,-0.85,0.48,-1.59
1971,5,0.679,0.5,-0.73,1.14,-1.55
1971,6,-0.668,-1.57,-0.74,0.38,-1.55
1971,7,-0.578,0.24,-0.8,-1.41,-2.2
1971,8,0.818,1.55,-0.77,-0.78,-0.15
1971,9,0.153,0.39,-0.82,0.23,0.21
1971,10,1.185,0.58,-0.85,-1.37,-0.22
1971,11,0.419,-0.2,-0.96,-0.26,-1.25
1971,12,0.824,0.6,-0.9,-1.46,-1.87
1972,1,0.166,0.27,-0.71,-1.41,-1.99
1972,2,-0.195,0.32,-0.35,-1.48,-1.83
1972,3,-0.141,0.72,0.06,0.2,-2.09
1972,4,1.007,-0.22,0.41,-1.76,-1.65
1972,5,0.14,0.95,0.67,0.14,-1.57
1972,6,-0.049,0.88,0.92,-0.24,-1.87
1972,7,-0.553,0.18,1.13,-0.76,-0.83
1972,8,-0.082,1.32,1.37,-0.01,0.25
1972,9,-0.92,-0.12,1.58,0.21,0.17
1972,10,0.392,1.09,1.84,-1.5,0.11
1972,11,-0.38,0.54,2.09,0.56,0.57
1972,12,1.238,0.19,2.12,-0.56,-0.33
1973,1,1.232,0.04,1.84,-0.18,-0.46
1973,2,0.786,0.85,1.25,0.12,-0.61
1973,3,0.537,0.3,0.54,0.85,-0.5
1973,4,-1.126,-0.54,-0.1,0.36,-0.69
1973,5,0.073,-0.44,-0.54,0.66,-0.76
1973,6,0.531,0.39,-0.87,0.84,-0.97
1973,7,0.27,0.57,-1.11,0.17,-0.57
1973,8,0.313,-0.06,-1.28,-0.92,-1.14
1973,9,0.114,-0.3,-1.45,-0.28,-0.51
1973,10,0.337,-1.24,-1.71,-0.82,-0.87
1973,11,0.002,-0.93,-1.95,-1.73,-1.81
1973,12,-0.181,0.32,-2.03,0.53,-0.76
1974,1,0.232,1.34,-1.84,-0.69,-1.22
1974,2,-0.489,-0.14,-1.55,-0.9,-1.65
1974,3,-0.746,-0.03,-1.23,-0.82,-0.9
1974,4,0.309,0.51,-1.03,-0.5,-0.52
1974,5,-0.507,-0.24,-0.91,-0.55,-0.28
1974,6,-0.048,-0.14,-0.77,-1.38,-0.31
1974,7,0.39,-0.76,-0.53,0.35,-0.08
1974,8,-0.533,-0.64,-0.37,0.93,0.27
1974,9,-0.136,0.82,-0.41,0.47,0.44
1974,10,-1.024,0.49,-0.61,0.69,-0.1
1974,11,-0.435,-0.54,-0.75,0.57,0.43
1974,12,0.556,1.5,-0.64,0.68,-0.12
1975,1,1.595,0.58,-0.54,-0.43,-0.84
1975,2,0.194,-0.62,-0.57,-0.16,-0.71
1975,3,0.151,-0.61,-0.65,-0.53,-0.51
1975,4,0.409,-1.6,-0.73,-0.44,-1.3
1975,5,-0.614,-0.52,-0.83,0.59,-1.02
1975,6,-0.323,-0.84,-0.98,-0.39,-1.16
1975,7,0.345,1.55,-1.13,-1.19,-0.4
1975,8,0.13,-0.26,-1.2,-1.07,-1.07
1975,9,1.278,1.56,-1.37,-0.23,-1.23
1975,10,0.138,-0.54,-1.43,-0.74,-1.29
1975,11,0.619,0.41,-1.55,-0.65,-2.08
1975,12,1.29,0.0,-1.65,0.14,-1.61
1976,1,0.034,-0.25,-1.56,0.31,-1.14
1976,2,1.656,0.93,-1.17,-1.56,-1.85
1976,3,0.587,0.75,-0.73,-1.52,-0.96
1976,4,0.44,0.26,-0.47,1.19,-0.89
1976,5,0.06,0.96,-0.28,0.56,-0.68
1976,6,0.328,0.8,-0.05,-1.34,-0.67
1976,7,-0.325,-0.32,0.18,0.32,0.61
1976,8,0.559,1.92,0.35,-0.59,1.28
1976,9,-0.743,-1.29,0.62,0.0,0.82
1976,10,-0.804,-0.08,0.81,0.68,1.11
1976,11,-0.087,0.17,0.86,1.81,1.25
1976,12,-2.074,-1.6,0.85,0.51,1.22
1977,1,-3.767,-1.04,0.71,1.75,1.65
1977,2,-2.01,-0.49,0.64,2.04,1.11
1977,3,0.344,-0.81,0.34,-0.4,0.72
1977,4,1.329,0.65,0.23,-0.08,0.3
1977,5,0.104,-0.86,0.21,-0.73,0.31
1977,6,-0.226,-0.57,0.34,0.43,0.42
1977,7,-0.492,-0.45,0.35,-0.67,0.19
1977,8,-1.412,-0.28,0.42,2.22,0.64
1977,9,0.586,0.37,0.57,-0.82,-0.55
1977,10,-0.009,0.52,0.73,0.98,-0.61
1977,11,0.605,-0.07,0.81,-0.22,-0.72
1977,12,-0.24,-1.0,0.79,-0.5,-0.69
1978,1,-0.347,0.66,0.69,0.61,0.34
1978,2,-3.014,-2.2,0.42,1.27,1.45
1978,3,0.502,0.7,0.06,0.12,1.34
1978,4,-0.967,-1.17,-0.18,0.05,1.29
1978,5,0.059,1.08,-0.31,-0.92,0.9
1978,6,0.635,1.38,-0.29,-0.97,0.15
1978,7,-0.604,-1.14,-0.36,-2.15,-1.24
1978,8,-0.354,0.64,-0.42,0.05,-0.56
1978,9,-0.099,0.46,-0.42,1.71,-0.44
1978,10,0.895,1.93,-0.29,0.48,0.1
1978,11,2.47,3.04,-0.08,-0.49,-0.07
1978,12,-0.98,-1.57,0.0,-0.72,-0.43
1979,1,-2.233,-1.38,0.03,-0.69,-0.58
1979,2,-0.697,-0.67,0.07,-1.82,-1.33
1979,3,-0.814,0.78,0.2,0.38,0.3
1979,4,-1.157,-1.71,0.28,0.09,0.89
1979,5,-0.25,-1.03,0.23,1.35,1.09
1979,6,0.933,1.6,0.05,-1.64,0.17
1979,7,0.039,0.83,0.04,0.99,0.84
1979,8,-0.684,0.96,0.17,0.7,0.52
1979,9,-0.046,1.01,0.33,1.28,1.0
1979,10,-1.243,-0.3,0.45,1.53,1.06
1979,11,0.475,0.53,0.52,0.54,0.48
1979,12,1.295,1.0,0.64,-0.38,-0.42
1980,1,-2.066,-0.75,0.59,-0.28,-0.11
1980,2,-0.934,0.05,0.46,1.74,1.32
1980,3,-1.433,-0.31,0.34,-0.35,1.09
1980,4,-0.419,1.29,0.38,1.96,1.49
1980,5,-1.155,-1.5,0.48,-0.28,1.2
1980,6,0.721,-0.37,0.46,-0.86,-0.22
1980,7,-0.622,-0.42,0.25,-0.42,0.23
1980,8,-0.185,-2.24,0.03,-1.99,0.51
1980,9,0.313,0.66,-0.07,-0.05,0.1
1980,10,-0.521,-1.77,0.02,2.45,1.35
1980,11,-1.361,-0.37,0.11,1.35,0.37
1980,12,-0.057,0.78,-0.01,-0.27,-0.1
1981,1,-0.116,0.37,-0.26,2.42,0.59
1981,2,-0.332,0.92,-0.5,0.38,1.46
1981,3,-1.645,-1.19,-0.47,1.6,0.99
1981,4,0.43,0.36,-0.37,-1.02,1.45
1981,5,0.18,0.2,-0.26,1.98,1.75
1981,6,-0.438,-0.45,-0.29,-0.2,1.69
1981,7,0.561,0.05,-0.3,-0.64,0.84
1981,8,-0.244,0.39,-0.25,-1.5,0.18
1981,9,-1.04,-1.45,-0.16,0.15,0.42
1981,10,-1.167,-1.35,-0.13,-1.45,0.18
1981,11,-0.188,-0.38,-0.15,1.26,0.8
1981,12,-1.216,-0.02,-0.08,-0.12,0.67
1982,1,-0.883,-0.89,-0.05,-0.86,0.34
1982,2,0.974,1.15,0.07,-0.68,0.2
1982,3,1.074,1.15,0.19,-1.4,0.19
1982,4,1.454,0.1,0.47,-1.89,-0.19
1982,5,-0.209,-0.53,0.66,-0.7,-0.58
1982,6,-1.18,-1.63,0.72,1.93,-0.78
1982,7,0.005,1.15,0.79,0.97,0.58
1982,8,0.362,0.26,1.07,0.34,0.39
1982,9,0.558,1.76,1.58,1.05,0.84
1982,10,-0.211,-0.74,1.97,-0.93,0.37
1982,11,0.661,1.6,2.18,-0.48,-0.25
1982,12,0.967,1.78,2.23,0.75,0.26
1983,1,1.359,1.59,2.18,1.18,0.56
1983,2,-1.806,-0.53,1.92,1.3,1.14
1983,3,-0.567,0.95,1.54,2.38,2.11
1983,4,-0.738,-0.85,1.29,1.26,1.87
1983,5,-0.441,-0.07,1.06,-0.19,1.8
1983,6,0.313,0.99,0.72,1.87,2.36
1983,7,0.131,1.19,0.31,1.33,3.51
1983,8,1.098,1.61,-0.08,0.53,1.85
1983,9,0.167,-1.12,-0.46,-1.59,0.91
1983,10,1.369,0.65,-0.81,0.09,0.96
1983,11,-0.688,-0.98,-1.0,1.84,1.02
1983,12,0.186,0.29,-0.91,-0.31,1.69
1984,1,0.905,1.66,-0.6,0.97,1.5
1984,2,-0.303,0.72,-0.42,0.77,1.21
1984,3,-2.386,-0.37,-0.34,1.41,1.77
1984,4,-0.284,-0.28,-0.43,1.7,1.52
1984,5,0.479,0.54,-0.51,0.32,1.3
1984,6,0.007,-0.42,-0.45,-0.44,0.18
1984,7,0.019,-0.07,-0.3,-2.34,-0.18
1984,8,0.466,1.15,-0.16,-1.11,-0.03
1984,9,-0.413,0.17,-0.24,0.03,0.67
1984,10,-0.27,-0.07,-0.56,-0.63,0.58
1984,11,-0.966,-0.06,-0.92,0.42,0.71
1984,12,0.446,0.0,-1.14,-1.6,0.82
1985,1,-2.806,-1.61,-1.04,1.63,1.27
1985,2,-1.44,-0.49,-0.85,-0.52,0.94
1985,3,0.551,0.2,-0.77,-0.92,0.57
1985,4,0.652,0.32,-0.78,-1.06,0.19
1985,5,-0.432,-0.49,-0.78,-1.03,0.0
1985,6,-0.347,-0.8,-0.63,1.1,0.18
1985,7,-0.39,1.22,-0.49,0.25,1.07
1985,8,-0.001,-0.48,-0.46,-0.5,0.81
1985,9,0.114,-0.52,-0.4,-0.71,0.44
1985,10,1.035,0.9,-0.35,-1.51,0.29
1985,11,-1.218,-0.67,-0.27,-1.9,-0.75
1985,12,-1.948,0.22,-0.36,1.39,0.38
1986,1,-0.568,1.11,-0.49,0.97,1.12
1986,2,-2.904,-1.0,-0.47,0.53,1.61
1986,3,1.931,1.71,-0.31,0.83,2.18
1986,4,0.103,-0.59,-0.2,0.09,1.55
1986,5,0.367,0.85,-0.12,-0.13,1.16
1986,6,0.535,1.22,-0.04,0.26,0.89
1986,7,-0.008,0.12,0.22,0.07,1.38
1986,8,-0.826,-1.09,0.44,-1.45,0.22
1986,9,-0.023,-1.12,0.71,-0.29,0.22
1986,10,1.425,1.55,0.94,0.92,1.0
1986,11,0.926,2.29,1.14,-0.73,1.77
1986,12,0.06,0.99,1.22,1.37,1.77
1987,1,-1.148,-1.15,1.23,1.0,1.88
1987,2,-1.473,-0.73,1.19,0.65,1.75
1987,3,-1.746,0.14,1.06,1.17,2.1
1987,4,0.387,2.0,0.95,1.83,2.16
1987,5,0.325,0.98,0.97,-1.26,1.85
1987,6,-0.71,-1.82,1.22,0.42,0.73
1987,7,-0.466,0.52,1.51,-0.01,2.01
1987,8,-0.836,-0.83,1.7,0.77,2.83
1987,9,0.287,-1.22,1.65,-3.07,2.44
1987,10,-0.08,0.14,1.48,0.53,1.36
1987,11,-0.536,0.18,1.25,1.26,1.47
1987,12,-0.534,0.32,1.11,0.8,1.27
1988,1,0.265,1.02,0.81,0.53,0.93
1988,2,-1.066,0.76,0.54,1.25,1.24
1988,3,-0.197,-0.17,0.14,0.69,1.42
1988,4,-0.561,-1.17,-0.31,1.4,0.94
1988,5,-0.846,0.63,-0.88,0.6,1.2
1988,6,0.061,0.88,-1.3,1.13,0.74
1988,7,-0.143,-0.35,-1.3,2.16,0.64
1988,8,0.255,0.04,-1.11,-0.59,0.19
1988,9,1.039,-0.99,-1.19,-1.11,-0.37
1988,10,0.032,-1.08,-1.48,0.66,-0.1
1988,11,-0.035,-0.34,-1.8,0.13,-0.02
1988,12,1.679,0.61,-1.85,0.63,-0.43
1989,1,3.106,1.17,-1.69,-0.72,-0.95
1989,2,3.279,2.0,-1.43,-1.06,-1.02
1989,3,1.53,1.85,-1.08,-1.3,-0.83
1989,4,-0.25,0.28,-0.83,-0.54,-0.32
1989,5,0.889,1.38,-0.58,-0.14,0.47
1989,6,0.345,-0.27,-0.4,-0.63,0.36
1989,7,0.866,0.97,-0.31,-0.18,0.83
1989,8,0.551,0.01,-0.27,-0.24,0.09
1989,9,0.703,2.05,-0.24,0.54,0.05
1989,10,0.991,-0.03,-0.22,-1.13,-0.12
1989,11,0.034,0.16,-0.16,-0.72,-0.5
1989,12,-0.644,-1.15,-0.05,0.87,-0.21
1990,1,1.001,1.04,0.14,-0.34,-0.3
1990,2,3.402,1.41,0.21,-1.86,-0.65
1990,3,2.99,1.46,0.28,0.34,-0.62
1990,4,1.879,2.0,0.29,-0.39,0.27
1990,5,0.943,-1.53,0.29,0.21,0.44
1990,6,0.304,-0.02,0.31,-1.41,0.44
1990,7,-0.296,0.53,0.33,0.17,0.27
1990,8,-0.18,0.97,0.38,1.79,0.11
1990,9,-0.21,1.06,0.39,-0.5,0.38
1990,10,0.66,0.23,0.35,-0.97,-0.69
1990,11,0.521,-0.24,0.4,-1.73,-1.69
1990,12,1.277,0.22,0.41,-1.32,-2.23
1991,1,0.723,0.86,0.41,0.66,-2.02
1991,2,-0.876,1.04,0.26,1.07,-1.19
1991,3,-0.527,-0.2,0.22,-0.94,-0.74
1991,4,0.53,0.29,0.26,0.64,-1.01
1991,5,0.486,0.08,0.45,-0.81,-0.51
1991,6,-0.115,-0.82,0.64,-0.97,-1.47
1991,7,-0.188,-0.49,0.73,0.75,-0.1
1991,8,0.797,1.23,0.64,-0.25,0.36
1991,9,-0.112,0.48,0.62,1.43,0.65
1991,10,-0.252,-0.19,0.79,-2.28,0.49
1991,11,0.285,0.48,1.21,0.24,0.42
1991,12,1.613,0.46,1.53,0.47,0.09
1992,1,0.55,-0.13,1.71,1.28,0.05
1992,2,1.122,1.07,1.63,0.29,0.31
1992,3,0.984,0.87,1.48,0.77,0.67
1992,4,-0.521,1.86,1.29,-0.05,0.75
1992,5,1.341,2.63,1.06,1.27,1.54
1992,6,-0.302,0.2,0.73,1.17,1.26
1992,7,0.191,0.16,0.37,0.85,1.9
1992,8,0.535,0.85,0.09,-0.34,1.44
1992,9,-0.64,-0.44,-0.13,-1.31,0.83
1992,10,-0.366,-1.76,-0.25,0.21,0.93
1992,11,0.717,1.19,-0.28,0.85,0.93
1992,12,1.627,0.47,-0.13,-1.23,0.53
1993,1,3.495,1.6,0.09,-0.65,0.05
1993,2,0.184,0.5,0.3,0.55,0.19
1993,3,0.764,0.67,0.5,1.27,0.76
1993,4,-0.435,0.97,0.67,1.54,1.21
1993,5,-1.607,-0.78,0.7,2.66,2.13
1993,6,-0.52,-0.59,0.57,0.52,2.34
1993,7,-0.511,-3.18,0.32,0.15,2.35
1993,8,-0.393,0.12,0.25,-0.14,2.69
1993,9,-0.361,-0.57,0.15,-1.12,1.56
1993,10,-0.565,-0.71,0.1,-0.3,1.41
1993,11,1.002,2.56,0.04,-0.36,1.24
1993,12,-0.104,1.56,0.06,0.72,1.07
1994,1,-0.288,1.04,0.06,-0.12,1.21
1994,2,-0.862,0.46,0.07,-0.73,0.59
1994,3,1.881,1.26,0.17,0.54,0.8
1994,4,0.225,1.14,0.31,-0.47,1.05
1994,5,-0.115,-0.57,0.42,0.45,1.23
1994,6,1.606,1.52,0.41,-1.38,0.46
1994,7,0.351,1.31,0.44,0.38,0.06
1994,8,0.828,0.38,0.43,-1.34,-0.79
1994,9,-0.084,-1.32,0.55,-2.38,-1.36
1994,10,0.174,-0.97,0.74,-0.23,-1.32
1994,11,1.779,0.64,1.01,-1.67,-1.96
1994,12,0.894,2.02,1.09,0.69,-1.79
1995,1,-0.154,0.93,0.96,0.66,-0.49
1995,2,1.429,1.14,0.72,0.73,0.46
1995,3,0.393,1.25,0.53,0.33,0.75
1995,4,-0.963,-0.85,0.3,0.29,0.83
1995,5,-0.891,-1.49,0.14,0.01,1.46
1995,6,-0.112,0.13,-0.03,0.74,1.27
1995,7,-0.217,-0.22,-0.24,-0.34,1.71
1995,8,0.544,0.69,-0.54,-0.3,0.21
1995,9,-0.549,0.31,-0.81,1.52,1.16
1995,10,0.075,0.19,-0.97,-0.05,0.47
1995,11,-0.723,-1.38,-1.0,-0.75,-0.28
1995,12,-2.127,-1.67,-0.98,0.92,0.16
1996,1,-1.2,-0.12,-0.9,-0.02,0.59
1996,2,0.163,-0.07,-0.75,-0.3,0.75
1996,3,-1.483,-0.24,-0.59,-0.47,1.01
1996,4,-1.525,-0.17,-0.39,0.77,1.46
1996,5,-0.226,-1.06,-0.31,0.32,2.18
1996,6,0.497,0.56,-0.3,-1.21,1.1
1996,7,0.715,0.67,-0.27,0.64,0.77
1996,8,0.125,1.02,-0.32,-0.9,-0.14
1996,9,-1.14,-0.86,-0.35,-0.28,0.24
1996,10,0.183,-0.33,-0.4,-0.76,-0.33
1996,11,0.136,-0.56,-0.45,-0.45,0.09
1996,12,-1.721,-1.41,-0.49,-1.23,-0.03
1997,1,-0.457,-0.49,-0.5,0.63,0.23
1997,2,1.889,1.7,-0.36,0.56,0.28
1997,3,1.091,1.46,-0.1,-1.3,0.65
1997,4,0.324,-1.02,0.28,0.55,1.05
1997,5,-0.961,-0.28,0.75,0.78,1.83
1997,6,-0.815,-1.47,1.22,-0.34,2.76
1997,7,-0.431,0.34,1.6,0.56,2.35
1997,8,0.121,0.83,1.9,-0.52,2.79
1997,9,0.195,0.61,2.14,0.31,2.19
1997,10,-0.7,-1.7,2.33,-0.26,1.61
1997,11,-0.661,-0.9,2.4,0.91,1.12
1997,12,-0.071,-0.96,2.39,1.16,0.67
1998,1,-2.081,0.39,2.24,0.74,0.83
1998,2,-0.183,-0.11,1.93,0.89,1.56
1998,3,-0.254,0.87,1.44,1.01,2.01
1998,4,-0.038,-0.68,0.99,1.12,1.27
1998,5,0.429,-1.32,0.45,-2.22,0.7
1998,6,-0.711,-2.72,-0.13,-0.02,0.4
1998,7,-0.212,-0.48,-0.78,2.24,-0.04
1998,8,0.65,-0.02,-1.12,-0.57,-0.22
1998,9,-1.05,-2.0,-1.31,0.55,-1.21
1998,10,0.294,-0.29,-1.35,0.55,-1.39
1998,11,-1.449,-0.28,-1.48,0.74,-0.52
1998,12,1.353,0.87,-1.57,-0.09,-0.44
1999,1,0.11,0.77,-1.55,0.16,-0.32
1999,2,0.482,0.29,-1.3,-0.12,-0.66
1999,3,-1.492,0.23,-1.07,0.69,-0.33
1999,4,0.284,-0.95,-0.98,0.3,-0.41
1999,5,0.226,0.92,-1.02,-0.15,-0.68
1999,6,0.707,1.12,-1.04,0.3,-1.3
1999,7,-0.002,-0.9,-1.1,-0.54,-0.66
1999,8,-0.672,0.39,-1.11,1.97,-0.96
1999,9,0.059,0.36,-1.16,0.44,-1.53
1999,10,-0.006,0.2,-1.26,0.41,-2.23
1999,11,0.611,0.65,-1.46,0.48,-2.05
1999,12,1.043,1.61,-1.65,0.21,-1.63
2000,1,1.27,0.6,-1.66,-0.82,-2.0
2000,2,1.076,1.7,-1.41,1.12,-0.83
2000,3,-0.451,0.77,-1.07,1.28,0.29
2000,4,-0.279,-0.03,-0.81,-0.35,0.35
2000,5,0.969,1.58,-0.71,-0.28,-0.05
2000,6,0.586,-0.03,-0.64,-1.22,-0.44
2000,7,-0.649,-1.03,-0.55,-2.28,-0.66
2000,8,0.144,-0.29,-0.51,-0.48,-1.19
2000,9,0.395,-0.21,-0.55,-1.4,-1.24
2000,10,0.317,0.92,-0.63,0.25,-1.3
2000,11,-1.581,-0.92,-0.75,0.74,-0.53
2000,12,-2.354,-0.58,-0.74,1.23,0.52
2001,1,-0.959,0.25,-0.68,1.51,0.6
2001,2,-0.622,0.45,-0.52,-0.16,0.29
2001,3,-1.687,-1.26,-0.44,0.7,0.45
2001,4,0.906,0.0,-0.34,-0.47,-0.31
2001,5,0.452,-0.02,-0.25,-0.11,-0.3
2001,6,-0.015,-0.2,-0.12,-0.94,-0.47
2001,7,-0.031,-0.25,-0.08,0.06,-1.31
2001,8,0.521,-0.07,-0.13,-0.11,-0.77
2001,9,-0.707,-0.65,-0.19,0.1,-1.37
2001,10,0.707,-0.24,-0.29,-0.22,-1.37
2001,11,0.819,0.63,-0.35,1.09,-1.26
2001,12,-1.322,-0.83,-0.31,0.56,-0.93
2002,1,1.381,0.44,-0.15,-0.04,0.27
2002,2,1.304,1.1,0.03,0.14,-0.64
2002,3,0.902,0.69,0.09,-1.3,-0.43
2002,4,0.748,1.18,0.2,-2.22,-0.32
2002,5,0.401,-0.22,0.43,-0.73,-0.63
2002,6,0.573,0.38,0.65,-0.05,-0.35
2002,7,0.328,0.62,0.79,0.88,-0.31
2002,8,-0.229,0.38,0.86,0.64,0.6
2002,9,-0.043,-0.7,1.01,0.77,0.43
2002,10,-1.489,-2.28,1.21,-0.65,0.42
2002,11,-1.425,-0.18,1.31,1.54,1.51
2002,12,-1.592,-0.94,1.14,1.59,2.1
2003,1,-0.472,0.16,0.92,1.29,2.09
2003,2,0.128,0.62,0.63,0.73,1.75
2003,3,0.933,0.32,0.38,-0.07,1.51
2003,4,-0.178,-0.18,-0.04,0.14,1.18
2003,5,1.017,0.01,-0.26,-2.2,0.89
2003,6,-0.102,-0.07,-0.16,-0.6,0.68
2003,7,0.075,0.13,0.08,1.23,0.96
2003,8,-0.28,-0.07,0.21,-0.28,0.88
2003,9,0.467,0.01,0.26,0.76,0.01
2003,10,-0.67,-1.26,0.29,0.97,0.83
2003,11,0.642,0.86,0.35,-1.72,0.52
2003,12,0.265,0.64,0.35,0.86,0.33
2004,1,-1.686,-0.29,0.37,0.41,0.43
2004,2,-1.528,-0.14,0.31,1.06,0.48
2004,3,0.318,1.02,0.23,0.3,0.61
2004,4,-0.409,1.15,0.17,0.51,0.57
2004,5,-0.094,0.19,0.17,-1.76,0.88
2004,6,-0.236,-0.89,0.28,-0.37,0.04
2004,7,-0.201,1.13,0.47,0.09,0.44
2004,8,-0.72,-0.48,0.64,1.55,0.85
2004,9,0.855,0.38,0.7,-0.08,0.75
2004,10,-0.515,-1.1,0.67,-1.39,-0.11
2004,11,0.678,0.73,0.66,0.31,-0.63
2004,12,1.23,1.21,0.69,0.26,-0.17
2005,1,0.356,1.52,0.64,0.02,0.44
2005,2,-1.271,-0.06,0.58,0.14,0.81
2005,3,-1.348,-1.83,0.45,0.88,1.36
2005,4,-0.046,-0.3,0.43,1.28,1.03
2005,5,-0.763,-1.25,0.29,1.74,1.86
2005,6,-0.383,-0.05,0.11,0.29,1.17
2005,7,-0.03,-0.51,-0.06,0.43,0.66
2005,8,0.026,0.37,-0.14,0.72,0.25
2005,9,0.802,0.63,-0.11,1.63,-0.46
2005,10,0.03,-0.98,-0.29,0.9,-1.32
2005,11,0.228,-0.31,-0.57,-0.76,-1.5
2005,12,-2.104,-0.44,-0.84,1.38,0.2
2006,1,-0.17,1.27,-0.85,0.43,1.03
2006,2,-0.156,-0.51,-0.77,-0.11,0.66
2006,3,-1.604,-1.28,-0.57,-0.27,0.05
2006,4,0.138,1.24,-0.37,0.45,0.4
2006,5,0.156,-1.14,-0.14,-1.27,0.48
2006,6,1.071,0.84,-0.03,-1.06,1.04
2006,7,0.103,0.9,0.1,1.83,0.35
2006,8,-0.265,-1.73,0.3,-1.41,-0.65
2006,9,0.606,-1.62,0.54,0.42,-0.94
2006,10,-1.029,-2.24,0.77,-0.84,-0.05
2006,11,0.521,0.44,0.94,-1.39,-0.22
2006,12,2.282,1.34,0.94,1.86,0.14
2007,1,2.034,0.22,0.66,0.72,0.01
2007,2,-1.307,-0.47,0.22,-0.09,0.04
2007,3,1.182,1.44,-0.12,0.18,-0.36
2007,4,0.544,0.17,-0.32,1.25,0.16
2007,5,0.894,0.66,-0.38,-0.06,-0.1
2007,6,-0.555,-1.31,-0.47,-0.38,0.09
2007,7,-0.397,-0.58,-0.56,2.21,0.78
2007,8,-0.034,-0.14,-0.81,1.98,0.5
2007,9,0.179,0.72,-1.07,1.88,-0.36
2007,10,0.383,0.45,-1.34,0.55,-1.45
2007,11,-0.519,0.58,-1.5,0.69,-1.08
2007,12,0.821,0.34,-1.6,0.14,-0.58
2008,1,0.819,0.89,-1.64,-0.32,-1.0
2008,2,0.938,0.73,-1.52,0.5,-0.77
2008,3,0.586,0.08,-1.29,-0.32,-0.71
2008,4,-0.455,-1.07,-1.01,-0.97,-1.52
2008,5,-1.205,-1.73,-0.84,1.33,-1.37
2008,6,-0.09,-1.39,-0.61,-1.75,-1.34
2008,7,-0.48,-1.27,-0.37,-0.1,-1.67
2008,8,-0.08,-1.16,-0.23,0.92,-1.7
2008,9,-0.327,1.02,-0.24,1.12,-1.55
2008,10,1.676,-0.04,-0.35,0.86,-1.76
2008,11,0.092,-0.32,-0.55,1.11,-1.25
2008,12,0.648,-0.28,-0.73,-1.41,-0.87
2009,1,0.8,-0.01,-0.85,0.61,-1.4
2009,2,-0.672,0.06,-0.79,-0.95,-1.55
2009,3,0.121,0.57,-0.61,-1.02,-1.59
2009,4,0.973,-0.2,-0.33,0.21,-1.65
2009,5,1.194,1.68,0.01,-0.58,-0.88
2009,6,-1.351,-1.21,0.28,0.35,-0.31
2009,7,-1.356,-2.15,0.45,1.22,-0.53
2009,8,-0.054,-0.19,0.58,0.65,0.09
2009,9,0.875,1.51,0.71,1.29,0.52
2009,10,-1.54,-1.03,1.01,0.43,0.27
2009,11,0.459,-0.02,1.36,0.21,-0.4
2009,12,-3.413,-1.93,1.56,0.34,0.08
2010,1,-2.587,-1.11,1.5,1.25,0.83
2010,2,-4.266,-1.98,1.22,0.58,0.82
2010,3,-0.432,-0.88,0.84,2.02,0.44
2010,4,-0.275,-0.72,0.35,1.54,0.78
2010,5,-0.919,-1.49,-0.17,-0.93,0.62
2010,6,-0.013,-0.82,-0.66,-0.2,-0.22
2010,7,0.435,-0.42,-1.05,1.4,-1.05
2010,8,-0.117,-1.22,-1.35,1.1,-1.27
2010,9,-0.865,-0.79,-1.56,1.34,-1.61
2010,10,-0.467,-0.93,-1.64,1.8,-1.06
2010,11,-0.376,-1.62,-1.64,-0.84,-0.82
2010,12,-2.631,-1.85,-1.54,-1.78,-1.21
2011,1,-1.683,-0.88,-1.31,1.29,-0.92
2011,2,1.575,0.7,-1.04,-1.58,-0.83
2011,3,1.424,0.61,-0.8,0.69,-0.69
2011,4,2.275,2.48,-0.62,-1.59,-0.42
2011,5,-0.035,-0.06,-0.46,0.19,-0.37
2011,6,-0.858,-1.28,-0.37,0.22,-0.69
2011,7,-0.472,-1.51,-0.43,-0.35,-1.86
2011,8,-1.063,-1.35,-0.58,1.42,-1.74
2011,9,0.665,0.54,-0.79,-0.42,-1.79
2011,10,0.8,0.39,-0.96,0.63,-1.34
2011,11,1.459,1.36,-1.02,-0.79,-2.33
2011,12,2.221,2.52,-0.92,0.36,-1.79
2012,1,-0.22,1.17,-0.72,0.6,-1.38
2012,2,-0.036,0.42,-0.57,0.75,-0.85
2012,3,1.037,1.27,-0.46,0.11,-1.05
2012,4,-0.035,0.47,-0.36,0.15,-0.27
2012,5,0.168,-0.91,-0.17,-0.42,-1.26
2012,6,-0.672,-2.53,0.06,-0.5,-0.87
2012,7,0.168,-1.32,0.3,-0.16,-1.52
2012,8,0.014,-0.98,0.41,-0.17,-1.93
2012,9,0.772,-0.59,0.41,-0.42,-2.21
2012,10,-1.514,-2.06,0.31,-1.18,-0.79
2012,11,-0.111,-0.58,0.13,-1.1,-0.59
2012,12,-1.749,0.17,-0.1,-1.01,-0.48
2013,1,-0.61,0.35,-0.29,0.55,-0.13
2013,2,-1.007,-0.45,-0.29,0.45,-0.43
2013,3,-3.185,-1.61,-0.21,0.04,-0.63
2013,4,0.322,0.69,-0.19,-1.56,-0.16
2013,5,0.494,0.57,-0.27,-0.36,0.08
2013,6,0.549,0.52,-0.34,-0.43,-0.78
2013,7,-0.011,0.67,-0.35,-0.31,-1.25
2013,8,0.154,0.97,-0.28,-0.03,-1.04
2013,9,-0.461,0.24,-0.21,0.54,-0.48
2013,10,0.263,-1.28,-0.13,-0.34,-0.87
2013,11,2.029,0.9,-0.1,-1.18,-0.11
2013,12,1.475,0.95,-0.15,-0.86,-0.41
2014,1,-0.969,0.29,-0.28,0.97,0.3
2014,2,0.044,1.34,-0.32,-0.95,0.38
2014,3,1.206,0.8,-0.14,-0.21,0.97
2014,4,0.972,0.31,0.15,0.25,1.13
2014,5,0.464,-0.92,0.31,-0.76,1.8
2014,6,-0.507,-0.97,0.23,-1.46,0.82
2014,7,-0.489,0.18,0.1,0.99,0.7
2014,8,-0.372,-1.68,0.11,1.37,0.67
2014,9,0.102,1.62,0.28,0.99,1.08
2014,10,-1.134,-1.27,0.54,0.89,1.49
2014,11,-0.53,0.68,0.71,0.68,1.72
2014,12,0.413,1.86,0.77,0.67,2.51
2015,1,1.092,1.79,0.69,0.61,2.45
2015,2,1.043,1.32,0.61,0.59,2.3
2015,3,1.837,1.45,0.65,-0.23,2.0
2015,4,1.216,0.73,0.81,-0.15,1.44
2015,5,0.763,0.15,1.02,-0.16,1.2
2015,6,0.427,-0.07,1.25,-0.17,1.54
2015,7,-1.108,-3.18,1.57,0.76,1.84
2015,8,-0.689,-0.76,1.91,0.08,1.56
2015,9,-0.165,-0.65,2.21,-0.92,1.94
2015,10,-0.25,0.44,2.47,1.78,1.47
2015,11,1.945,1.74,2.64,-0.19,0.86
2015,12,1.444,2.24,2.75,0.78,1.01
2016,1,-1.449,0.12,2.63,2.02,1.53
2016,2,-0.024,1.58,2.28,1.48,1.75
2016,3,0.28,0.73,1.71,0.73,2.4
2016,4,-1.051,0.38,1.05,0.87,2.62
2016,5,-0.036,-0.77,0.49,-1.06,2.35
2016,6,0.313,-0.43,0.0,-0.7,2.03
2016,7,0.085,-1.76,-0.31,1.02,1.25
2016,8,0.472,-1.65,-0.5,-0.88,0.52
2016,9,0.781,0.61,-0.58,0.18,0.45
2016,10,-1.917,0.41,-0.64,1.24,0.56
2016,11,-0.611,-0.16,-0.6,1.52,1.88
2016,12,1.786,0.48,-0.45,-0.35,1.17
2017,1,0.942,0.48,-0.19,0.28,0.77
2017,2,0.34,1.0,-0.02,0.18,0.7
2017,3,1.365,0.74,0.18,0.27,0.74
2017,4,-0.089,1.73,0.31,0.4,1.12
2017,5,-0.73,-1.91,0.4,-0.31,0.88
2017,6,0.402,0.05,0.39,1.01,0.79
2017,7,0.634,1.26,0.19,1.86,0.1
2017,8,0.15,-1.1,-0.07,0.23,0.09
2017,9,-0.492,-0.61,-0.34,-0.33,0.32
2017,10,0.69,0.19,-0.6,-0.4,0.05
2017,11,-0.078,-0.0,-0.77,-2.06,0.15
2017,12,-0.059,0.88,-0.86,0.89,0.5
2018,1,-0.281,1.44,-0.77,0.4,0.7
2018,2,0.113,1.58,-0.71,-1.03,0.37
2018,3,-0.941,-0.93,-0.57,-0.89,-0.05
2018,4,0.544,1.24,-0.39,-0.91,0.11
2018,5,1.18,2.12,-0.13,-1.34,0.11
2018,6,0.38,1.09,0.06,0.51,-0.04
2018,7,0.612,1.39,0.14,-0.37,0.11
2018,8,0.836,1.97,0.27,1.27,0.18
2018,9,0.585,1.67,0.53,1.44,0.09
2018,10,0.413,0.93,0.81,0.21,0.26
2018,11,-1.116,-0.11,0.97,0.24,-0.05
2018,12,0.11,0.61,0.92,0.86,0.52
2019,1,-0.713,0.59,0.89,0.83,0.66
2019,2,1.149,0.29,0.86,-1.08,0.46
2019,3,2.116,1.23,0.84,0.25,0.37
2019,4,-0.255,0.47,0.77,-0.61,1.07
2019,5,-1.231,-2.62,0.64,-0.29,1.03
2019,6,-0.601,-1.09,0.52,0.12,1.09
2019,7,-0.89,-1.43,0.33,1.11,1.03
2019,8,-0.722,-1.17,0.19,1.18,0.38
2019,9,0.306,-0.16,0.23,2.0,0.41
2019,10,-0.082,-1.41,0.39,-1.02,-0.45
2019,11,-1.193,0.28,0.58,-0.06,0.15
2019,12,0.412,1.2,0.66,0.18,0.97
2020,1,2.419,1.34,0.64,-0.24,-0.23
2020,2,3.417,1.26,0.63,0.17,-0.68
2020,3,2.641,1.01,0.53,-2.17,-0.82
2020,4,0.928,-1.02,0.3,-1.18,-0.57
2020,5,-0.027,-0.41,0.01,0.21,0.09
2020,6,-0.122,-0.15,-0.23,0.7,-0.08
2020,7,-0.412,-1.23,-0.36,1.73,-0.38
2020,8,-0.381,0.12,-0.53,1.82,-0.28
2020,9,0.631,0.98,-0.85,0.75,-0.7
2020,10,-0.072,-0.65,-1.12,-1.13,-0.69
2020,11,2.086,2.54,-1.2,0.24,-1.12
2020,12,-1.736,-0.3,-1.08,1.58,-0.9
2021,1,-2.484,-1.11,-0.91,0.19,-0.16
2021,2,-1.191,0.14,-0.79,-0.31,-0.54
2021,3,2.109,0.73,-0.71,-0.97,-1.17
2021,4,-0.204,-1.43,-0.55,-1.05,-0.91
2021,5,-0.161,-1.24,-0.39,-1.35,-0.94
2021,6,0.845,0.77,-0.3,0.67,-1.18
2021,7,0.63,0.03,-0.35,0.56,-1.87
2021,8,-0.209,-0.28,-0.45,0.95,-1.12
2021,9,-0.252,-0.21,-0.63,0.44,-1.53
2021,10,-0.146,-2.29,-0.76,1.13,-2.55
2021,11,0.093,-0.18,-0.91,0.72,-2.52
2021,12,0.198,0.29,-0.87,-2.56,-2.0
2022,1,0.848,1.08,-0.82,1.01,-1.24
2022,2,1.544,1.68,-0.79,0.66,-1.08
2022,3,0.305,0.77,-0.86,0.13,-1.0
2022,4,-0.603,-0.36,-0.95,-0.74,-1.51
2022,5,1.224,0.71,-0.9,-0.83,-1.92
2022,6,-0.074,-0.12,-0.78,-0.31,-1.21
2022,7,0.025,-0.09,-0.76,2.54,-2.86
2022,8,-0.17,1.47,-0.87,0.79,-1.92
2022,9,-0.655,-1.61,-0.97,0.21,-1.82
2022,10,1.346,-0.72,-0.94,0.17,-1.51
2022,11,0.339,0.69,-0.85,-0.73,-2.12
2022,12,-2.719,-0.15,-0.71,-0.66,-1.98
2023,1,-0.674,1.25,-0.54,0.21,-0.92
2023,2,1.6,0.92,-0.29,-0.64,-1.09
2023,3,0.28,-1.11,-0.02,-1.63,-1.63
2023,4,-0.973,-0.63,0.27,-0.42,-2.18
2023,5,1.134,0.39,0.57,-0.86,-1.69
2023,6,-0.286,-0.58,0.84,0.69,-1.89
2023,7,-0.154,-2.17,1.12,1.15,-1.85
2023,8,-0.602,-1.16,1.37,0.45,-1.68
2023,9,0.318,-0.44,1.6,1.06,-2.14
2023,10,-0.414,-2.03,1.83,1.2,-1.61
2023,11,-0.036,-0.32,1.99,0.55,-1.31
2023,12,-0.221,1.94,2.06,1.21,-1.24
2024,1,-0.21,0.21,1.92,0.45,-0.85
2024,2,0.635,1.09,1.62,0.09,-0.43
2024,3,-0.61,-0.21,1.26,0.45,-0.56
2024,4,0.465,-0.78,0.82,-0.65,-1.06
2024,5,-0.048,-0.44,0.49,-2.74,-2.15
2024,6,0.136,-0.09,0.22,0.97,-2.41
2024,7,0.587,1.46,0.08,2.6,-1.97
2024,8,1.284,0.63,-0.07,-1.01,-1.88
2024,9,-0.624,-1.43,-0.17,1.34,-2.64
2024,10,0.525,-0.38,-0.21,0.04,-2.92
2024,11,-0.037,-0.23,-0.3,0.06,-2.41
2024,12,-0.335,1.21,-0.42,1.7,-1.61
2025,1,-0.069,-0.52,-0.45,1.05,-0.78
2025,2,-0.864,1.6,-0.24,1.41,-0.82
2025,3,0.556,0.3,-0.06,-0.1,-0.41
2025,4,0.268,0.18,0.02,-0.87,-0.57
2025,5,0.904,0.49,-0.02,-1.67,-1.14
2025,6,1.134,0.7,-0.04,-1.11,-2.32
2025,7,0.5,0.48,-0.14,0.74,-3.51
2025,8,0.036,0.26,-0.28,-0.36,-2.71
2025,9,0.048,-0.8,-0.4,0.81,
2025,10,0.064,-0.96,-0.51,1.42,
2025,11,-0.467,-0.78,-0.55,0.79,
2025,12,0.267,-0.65,-0.54,-1.41,
2026,1,-2.048,-0.36,-0.39,0.79,
2026,2,-1.256,0.68,,-0.56,
